user_id,gender,age,total_products,total_quantity,total_amount,discounted_total
1,0,29,5,10,11799.3094450605,10992.891045635288
1,0,29,3,11,13654.496662744938,11917.600845364503
1,0,29,5,10,13273.846103641816,10432.897876961142
1,0,29,3,11,12340.772961744251,11745.673641307161
1,0,29,5,11,13601.167558185749,11974.292703850446
2,1,36,2,6,138.50856436929993,120.12371440491887
2,1,36,1,6,145.47512910814052,121.68389798526232
2,1,36,1,6,152.725565038779,121.59198686413144
2,1,36,1,8,128.64370452206134,134.43600836997516
2,1,36,3,7,148.52529185585684,131.4754571174826
3,0,43,7,13,1964.684365795675,1586.274966886805
3,0,43,7,15,1913.0963923268973,1664.3071715602443
3,0,43,6,17,1684.3908352444332,1485.8091348606347
3,0,43,7,14,1892.8733422929167,1783.541718328928
3,0,43,5,13,1751.8189110023095,1610.6211734563062
4,1,46,2,6,672.0167909285901,599.8122344531182
4,1,46,2,5,704.988550947965,594.925560511806
4,1,46,3,6,643.4842565042334,621.4572039731376
4,1,46,3,9,651.2408193954615,614.4302976206042
4,1,46,1,6,734.3342527366234,675.6612432778235
5,0,31,3,12,1340.5233859635853,1305.431907708586
5,0,31,4,12,1383.5140502972386,1205.6146105391576
5,0,31,4,13,1363.035670035619,1118.893247856771
5,0,31,4,14,1479.3227967913645,1265.3698508180585
5,0,31,3,14,1438.3464026970976,1138.1113942783704
6,0,23,3,16,55381.94560315055,49027.0501912921
6,0,23,3,13,56867.33499083146,49365.63823160298
6,0,23,4,16,50613.04530461436,45536.779607821714
6,0,23,4,16,52696.85068229894,47137.5624437862
6,0,23,3,12,57469.16827290961,46985.927079763285
7,1,39,6,14,1134.3127112437248,1089.2507337801917
7,1,39,6,12,1341.486011324215,1186.612019529679
7,1,39,6,16,1294.2953660252344,1105.3455760354127
7,1,39,5,14,1313.901092908678,1105.3414279389235
7,1,39,5,13,1198.8463381495496,1028.9437186617936
8,0,28,7,15,6463.248791145916,5758.167978972326
8,0,28,5,17,6817.884975784823,6154.149580582553
8,0,28,6,16,5777.470971592372,6207.642872015653
8,0,28,5,15,6631.788182366826,6136.094264585686
8,0,28,7,16,5866.791655090106,5742.789338873754
9,1,34,5,9,28313.871188029254,30078.597887659707
9,1,34,4,9,32258.49539714908,29422.61121428331
9,1,34,5,9,30975.23853751177,27427.948998057207
9,1,34,5,10,29342.091936618308,28091.861720599234
9,1,34,3,9,28074.057082694777,27086.95093211046
10,0,32,3,8,144.21173796740445,123.99067025477358
10,0,32,1,4,144.1759771048345,141.98957290164498
10,0,32,2,4,152.87159178072426,125.52104076982073
10,0,32,2,5,153.6361641003633,137.20702520056136
10,0,32,3,8,151.60679425019399,138.81638303726953
11,1,30,5,14,56815.040813447384,59222.89328388054
11,1,30,5,16,60732.409631427676,61574.52869380775
11,1,30,4,13,56398.13254207228,60017.63340703457
11,1,30,4,14,58017.84488862895,57814.38477944506
11,1,30,4,16,57917.65227135745,56968.82636991756
12,0,25,5,19,40093.95493678011,37931.80377523003
12,0,25,5,16,38916.540979601654,35698.24019052058
12,0,25,5,16,40987.86765694051,37880.30828504815
12,0,25,5,19,37658.86075801149,33383.50314500188
12,0,25,6,16,35234.168569570065,31884.975730034585
13,1,41,2,6,17.950921787334277,15.8236772942416
13,1,41,2,7,17.19032469390934,15.660132920341905
13,1,41,3,7,15.398067898006605,14.361343229530727
13,1,41,1,8,17.319818587434156,13.65550696900069
13,1,41,2,4,15.051870851669158,14.900504820224153
14,0,37,4,9,191.2978047570102,184.87901245200302
14,0,37,2,8,213.88957376877218,191.05849705395582
14,0,37,2,11,193.9428400535003,198.9986270630306
14,0,37,2,12,213.86791406533385,188.99732659844062
14,0,37,3,12,212.63822626297488,177.8107419737688
15,1,33,3,4,258.4346014787438,206.70179833299088
15,1,33,3,6,231.49760532355154,220.92722186953335
15,1,33,3,5,271.3966264019587,233.38868736573093
15,1,33,2,6,256.0067511820997,217.38469516915382
15,1,33,2,3,251.83134386104035,214.93266522367782
16,0,26,1,8,414.24044754707694,392.36397148682255
16,0,26,2,8,358.5719821421892,389.0433569914276
16,0,26,3,8,393.51740111664657,400.23877966128197
16,0,26,3,10,347.0302540810017,387.8295756153218
16,0,26,2,6,418.71058742232424,338.02519388385224
17,0,38,3,14,5799.517820154292,4669.358388129398
17,0,38,4,18,5211.218846963968,4857.350814093184
17,0,38,5,16,5537.323867883944,4765.3176023710785
17,0,38,3,14,5679.894586955847,5345.272181463264
17,0,38,3,14,5347.208924849574,4644.6565498478785
18,1,32,2,9,135223.65261075847,126270.60150653504
18,1,32,2,12,116349.38805650118,114361.70661836519
18,1,32,3,9,130176.12854969669,133342.26748345615
18,1,32,3,12,119920.72670576535,115666.52686794275
18,1,32,2,10,139293.61442992903,132380.61265587294
19,0,29,4,12,20858.931915854515,20240.719424445637
19,0,29,4,12,23383.396065962068,22945.168431205857
19,0,29,5,14,23247.71056124761,23122.576176121813
19,0,29,4,11,24251.794608493277,22632.522841762715
19,0,29,5,10,20722.904329357953,23117.136094071047
20,1,35,4,11,4492.1232973848,4495.759372376727
20,1,35,3,13,5062.60104420791,4556.315386933992
20,1,35,3,11,5010.223619036012,4217.65655498928
20,1,35,4,11,4450.769800721621,4387.483334693869
20,1,35,4,12,4503.240838234615,3885.296218116212
21,0,27,3,6,13306.09304173568,10746.004030648794
21,0,27,4,6,14076.680448314683,10122.395222211064
21,0,27,3,5,13148.505263838973,12026.556017750627
21,0,27,2,4,13189.865249053226,10627.590047458809
21,0,27,3,7,13214.80723785006,10991.08312300546
22,1,34,3,10,288.8338112489494,269.4548551299923
22,1,34,3,6,309.1467747461246,314.64425550799797
22,1,34,4,7,299.5582151181774,270.9720271569235
22,1,34,4,8,315.5044027661397,306.1578970176892
22,1,34,2,8,308.35863228850803,306.3657478560452
23,0,40,2,10,2598.510657345744,2146.9830057884346
23,0,40,1,10,2582.37174837657,2072.5340559444503
23,0,40,3,8,2557.665378707203,2039.3186820187134
23,0,40,3,7,2401.85100488509,2000.7631397883395
23,0,40,3,11,2577.2600271503093,2108.997893523985
24,1,31,2,5,30367.654286972036,28353.28914749494
24,1,31,3,5,31262.573608481496,25621.998255433897
24,1,31,3,8,29301.18280552433,28485.518623446093
24,1,31,1,6,28631.265740255574,25168.577512723008
24,1,31,1,4,28753.688879004272,26646.870060726676
25,0,28,4,16,1207.3307231718097,1098.6213325310732
25,0,28,4,16,1226.968639110794,1016.0001714867559
25,0,28,6,13,1324.8147395053463,1148.0241141342797
25,0,28,4,16,1159.2777020806825,1135.9599914571775
25,0,28,6,17,1219.6409701433565,1083.1243692849562
26,0,36,3,17,1030.3063502245054,1014.4156234315398
26,0,36,5,18,1133.0655411534078,1113.5956931139733
26,0,36,4,18,1181.887367022332,1101.7407231107675
26,0,36,4,18,1099.8129180902718,951.996416932446
26,0,36,4,17,1058.2919062490694,969.9940010858737
27,1,42,5,15,116916.70325803946,100924.47073157872
27,1,42,5,14,106010.24387598671,92004.08300479958
27,1,42,4,14,105946.24737109254,96872.65357665131
27,1,42,5,13,102985.68013662136,95094.91138417932
27,1,42,5,14,115597.96801046991,91737.67714074564
28,0,30,6,23,5995.432685946693,5438.193225058235
28,0,30,5,24,5813.363014327611,5829.838048221633
28,0,30,7,21,6368.907976735893,5825.190374100442
28,0,30,6,24,5357.303172161523,5367.37461766697
28,0,30,6,24,5990.212496742456,5790.939560929179
29,1,39,5,15,2354.284690060437,1983.5173651213272
29,1,39,4,14,2307.3841565016687,2148.0598237639897
29,1,39,4,15,2520.54777678431,2252.2314285511306
29,1,39,5,18,2136.583302372764,2033.8373620486293
29,1,39,5,14,2163.476515821675,2048.2131803646794
30,0,33,6,14,169371.4681761014,151747.11705298466
30,0,33,5,16,179665.6751130789,163631.77799644595
30,0,33,6,15,195491.20249402622,165830.48058390533
30,0,33,6,13,185005.6060096842,163252.17112241854
30,0,33,5,15,175845.80057018867,142090.57358258762
31,1,37,6,10,1333.3982855934105,1210.9037270094927
31,1,37,4,10,1299.672077585809,1052.904686087715
31,1,37,5,10,1285.1139446238726,1048.331720989425
31,1,37,6,12,1336.6123318084535,1037.1827476563258
31,1,37,6,10,1339.3769137060567,1036.2887630191517
32,0,29,2,4,190.38973325230654,166.3411028399942
32,0,29,3,7,183.56578170357534,159.7880505627157
32,0,29,1,8,194.58575322449556,157.098707001216
32,0,29,1,6,200.5717929469608,156.2766118779881
32,0,29,1,8,198.0354338643819,148.51832336905088
33,1,32,6,23,117931.87352834047,129163.78195446165
33,1,32,5,24,137377.63189815113,115563.63669248234
33,1,32,6,24,134408.72825168617,123842.80305647047
33,1,32,7,25,141072.37034943316,119692.41483618993
33,1,32,7,24,128151.10745972778,133635.01547570672
34,0,26,4,8,1427.3249996890834,1177.623099181614
34,0,26,2,8,1592.8767243658765,1177.218175615871
34,0,26,3,10,1512.5764191449666,1210.7504697552536
34,0,26,2,9,1583.796424303107,1161.8266515928242
34,0,26,2,8,1568.0736123034076,1201.159125964276
35,1,30,7,14,625.7653671076628,508.8967016684664
35,1,30,5,12,586.8471210667274,497.7178818228268
35,1,30,7,13,642.4520991619752,522.0106819555217
35,1,30,6,15,655.1168869544733,465.928517986967
35,1,30,5,15,642.5978797851977,487.5511521084564
36,0,34,4,9,98.38103898864092,89.92269859729946
36,0,34,3,11,95.56271344112989,92.99582923662845
36,0,34,3,9,93.99226752260702,82.58960328406272
36,0,34,2,9,91.38403189150746,90.01103251726916
36,0,34,4,8,92.80806352809459,93.634819576819
37,1,35,2,9,142.31511009663913,119.90793424440783
37,1,35,2,5,138.57368064941718,114.4576255993594
37,1,35,2,6,124.7917255620484,124.28415314300804
37,1,35,1,7,118.11977100574993,108.6892089469832
37,1,35,2,6,133.51268085758264,125.35263248308249
38,0,27,2,3,416.02252536716304,332.5619823486396
38,0,27,3,5,384.0709773352828,304.5872326673594
38,0,27,3,3,436.36026175810036,327.96514345038435
38,0,27,2,7,420.5632535129943,304.73662646980495
38,0,27,2,7,446.77381141693496,306.8494767516925
39,1,31,1,2,283.21162535431023,245.0614426192621
39,1,31,3,6,264.60067417854543,250.36519573117116
39,1,31,2,5,268.6133965959135,253.65280111496955
39,1,31,2,4,283.802701319192,227.31836021236245
39,1,31,3,2,305.0214704966186,234.6738115294924
40,0,28,2,10,272.36739708099566,236.24319223302513
40,0,28,2,12,241.47192378060362,228.41173405619918
40,0,28,3,12,262.3119806420256,229.9317545837635
40,0,28,3,10,274.6136833161864,251.3081011259765
40,0,28,4,9,286.2740249277889,268.2409401357354
41,1,33,6,20,51250.3618129444,50359.33707890527
41,1,33,5,16,50092.32281635041,47708.37127391921
41,1,33,5,17,45393.935109224105,43243.856397107884
41,1,33,5,20,52121.96121767337,46981.50217881624
41,1,33,5,19,45919.66534894316,48088.76101875753
42,0,29,6,17,682.337434949599,531.2201612639457
42,0,29,5,17,574.2408340889116,482.2875705469619
42,0,29,5,16,639.842371738107,480.80073097798237
42,0,29,4,18,637.7624277025922,480.25687279560094
42,0,29,6,16,636.3989319656772,559.1211219491769
43,1,35,3,13,1696.2893231216267,1503.6139895419938
43,1,35,4,11,1857.8356438358085,1501.6837766983333
43,1,35,4,10,1679.74423324712,1493.3060072489611
43,1,35,4,10,1810.7852003130538,1469.4098069999372
43,1,35,5,13,1618.3026976050835,1656.6347920896324
44,0,27,7,14,46630.699036603524,41934.5985035012
44,0,27,6,14,51480.82745502963,42715.521680078324
44,0,27,7,14,48539.60838413765,43921.151569846195
44,0,27,6,14,44115.626810930844,42346.25379515059
44,0,27,6,17,49502.65461328029,40968.14276989452
45,1,31,7,20,143575.28574398183,119883.58268213019
45,1,31,7,22,122248.0793702542,132872.6251455983
45,1,31,7,20,137811.56137008598,116791.4951523013
45,1,31,5,23,129828.41751992729,114702.45560273339
45,1,31,5,22,144088.1455107097,124971.92617944418
46,0,30,3,18,73457.43363969497,53766.28718789837
46,0,30,5,17,66464.63554532873,55905.309408325855
46,0,30,4,16,67023.01976030991,52114.434196826005
46,0,30,3,19,67718.75893548301,60357.83727771269
46,0,30,3,17,71294.29753553761,60078.29527702308
47,1,36,5,15,48186.45733179104,44305.161105913736
47,1,36,6,13,53951.067851331725,49986.354658791795
47,1,36,6,14,54231.914594454596,48673.937309691966
47,1,36,5,13,48846.17742888541,51786.572416072406
47,1,36,5,14,54915.12934661122,52836.78391019294
48,0,28,3,8,112.50261529450907,96.46053552576775
48,0,28,2,7,106.87678729070015,101.33931002739916
48,0,28,2,10,121.74399939101896,107.8483980177432
48,0,28,3,8,110.80638010579152,92.45538564000016
48,0,28,3,11,107.1833065226055,93.74622986291537
49,1,32,5,17,4230.654638733307,3810.638457252074
49,1,32,6,18,4133.033422914939,3962.7381446913205
49,1,32,4,17,4183.128347266111,4204.45029100393
49,1,32,5,21,4371.021408315692,3958.936926670316
49,1,32,5,21,4107.806470477466,3702.808262086301
50,0,34,4,8,14123.919739378509,9844.824267866112
50,0,34,2,6,13489.750477056614,11765.71461829113
50,0,34,2,5,12971.34192408529,9980.571324137127
50,0,34,4,5,12996.861700818901,11273.184779754345
50,0,34,2,5,12683.21345772271,9888.710519540584
51,1,30,5,10,36013.63768476009,31274.72677762775
51,1,30,5,12,37847.7662763529,30851.89908522799
51,1,30,4,8,37319.625821598136,32186.73782060795
51,1,30,6,9,36502.86165795047,33509.21893562724
51,1,30,4,11,37527.15266675745,32694.510402095842
52,0,27,7,16,145104.11068238973,129270.64656178353
52,0,27,6,20,125190.37991705221,128658.2116529932
52,0,27,6,20,128984.77632244703,142204.2327845864
52,0,27,7,18,133222.7149566578,125023.50661127856
52,0,27,6,19,123811.01136768621,127086.59284591705
53,1,36,2,8,1035.8508858179268,1069.1693513606538
53,1,36,1,7,1031.2304683539353,1041.747511188736
53,1,36,3,4,1168.628334599797,1078.6067114318014
53,1,36,2,5,1103.0647548235036,997.821576716063
53,1,36,3,5,1106.0510405421883,1064.7451277423904
54,0,29,3,4,11282.094545630142,10805.240421071756
54,0,29,3,3,10579.604255366961,9880.213541600477
54,0,29,3,5,11511.139165868646,9178.935612813471
54,0,29,2,5,11544.40542805577,9349.924205268184
54,0,29,1,7,11828.159548148646,9730.30396254637
55,1,32,3,4,45.79942074732308,37.97964915515309
55,1,32,2,4,45.07843794136085,38.632302586354264
55,1,32,1,5,46.9371791723294,37.05180400780697
55,1,32,1,5,46.97478166880189,42.35182774986017
55,1,32,2,2,45.45753947411615,36.0391265423256
56,0,31,3,1,120.86705036054015,112.89180660601282
56,0,31,3,3,124.03275887576294,116.15643518197314
56,0,31,2,1,126.23496293182559,108.49751116682694
56,0,31,3,5,117.77438523865308,111.52243384241402
56,0,31,3,1,125.27304328248745,108.34017471270619
57,1,35,3,9,1307.8141330462531,1069.4160473353284
57,1,35,1,7,1220.2221258639072,1156.5015519893498
57,1,35,1,8,1368.2668936986863,1073.8144915704333
57,1,35,2,9,1313.2104308360044,1214.5314640298707
57,1,35,3,10,1292.0928756431265,1210.6998804333807
58,0,28,2,1,1293.921939849188,1066.8897318492247
58,0,28,2,1,1259.1309473411766,983.8054618224152
58,0,28,2,2,1299.200084194865,959.2138043801069
58,0,28,3,3,1223.7571512003994,1142.4259708873421
58,0,28,2,1,1188.2592884919286,978.0783348729418
59,1,34,1,4,67984.28916300168,58297.50402939144
59,1,34,3,5,81004.97475187431,56299.11115177255
59,1,34,2,2,81267.44937083128,65409.742302016784
59,1,34,1,1,78913.25091892984,62529.94106133513
59,1,34,3,2,78665.03056016052,58555.98757134508
60,0,33,1,10,6889.266348395602,7232.122863840544
60,0,33,1,7,7711.449005553312,7151.287540351608
60,0,33,1,6,7086.584832378031,6557.062722928412
60,0,33,1,10,7380.293156458503,6308.727264621487
60,0,33,1,7,8019.744759650938,6783.597061367557
61,1,29,6,12,639.8058962663981,603.3617958662426
61,1,29,6,16,592.5952921742145,572.018823661556
61,1,29,6,12,672.0770866313359,618.3068579547243
61,1,29,6,16,617.3552146637994,587.9661336556346
61,1,29,4,12,706.9642962753451,611.2817802607066
62,0,27,2,6,2846.3695101022,2911.749832467956
62,0,27,1,6,2750.4554281941887,2501.9470883263884
62,0,27,1,8,2922.828709658093,2737.1772021522725
62,0,27,3,8,2783.989774615703,2743.6507764936096
62,0,27,2,9,2855.0862440694405,2653.660066327262
63,1,34,5,6,548.0403316152702,473.92554050239914
63,1,34,5,7,504.76028090757137,495.74747875111734
63,1,34,4,8,545.4424899098802,450.7223667931138
63,1,34,5,6,492.7279502661065,442.790668733621
63,1,34,4,8,558.3606163239166,477.22902983124567
64,0,30,5,17,5539.597363100517,4942.124045789449
64,0,30,5,17,6327.921755846092,5251.758275622787
64,0,30,4,21,5501.899768742461,5881.171846080692
64,0,30,6,19,6237.941544721929,5292.889187798034
64,0,30,6,20,6476.935999323759,5627.2800837953155
65,1,31,4,13,1653.451567850738,1397.4505733898181
65,1,31,5,10,1599.2628843610298,1512.3734843542195
65,1,31,3,11,1836.5527084162134,1477.5773622805932
65,1,31,4,13,1623.8042893109732,1496.26164699763
65,1,31,5,13,1756.911280579814,1561.0971873755282
66,0,28,3,9,2492.959499244801,2033.0933610753925
66,0,28,4,5,2149.181534419417,1984.7359332703168
66,0,28,4,7,2227.5220404745314,1785.8719551580473
66,0,28,3,9,2368.180453492169,1743.214585668658
66,0,28,5,5,2108.4708434510385,1919.0385970349857
67,1,35,3,5,439.84411704543857,362.90533077384936
67,1,35,3,4,468.54078836808685,394.8668899313939
67,1,35,2,2,413.37825078309135,409.4256437014189
67,1,35,2,2,423.72455568415586,402.2182629436197
67,1,35,3,6,438.8139874252692,371.9251605129029
68,0,26,4,9,245.05915268451102,203.84743682900316
68,0,26,4,13,252.2139113996571,228.43893042173406
68,0,26,2,10,247.59263204732008,225.4411563465142
68,0,26,2,10,242.8461884921685,208.28365422133
68,0,26,2,11,242.24065700271558,204.24950783522235
69,1,32,5,14,6719.787001191112,6403.368991597419
69,1,32,6,12,7186.247037649579,6997.947382537147
69,1,32,5,11,7037.943367777686,6878.134846061284
69,1,32,5,11,7128.0298550015295,6006.659311668301
69,1,32,5,15,7084.239214880117,6435.142310988163
70,0,33,6,18,3635.0791975226007,3233.0245143618813
70,0,33,5,16,4023.523270168387,3373.4791960501443
70,0,33,6,17,3482.2345834891303,3522.6779091785024
70,0,33,4,18,3862.2802861981077,3311.4142871927484
70,0,33,5,17,3981.387505922534,3112.101461746615
71,1,30,3,11,78069.21188054273,66941.23052415896
71,1,30,5,12,84230.62271130407,70355.71592527692
71,1,30,5,12,73796.62904621863,67411.55130050487
71,1,30,3,12,79501.36640696465,76316.26607128402
71,1,30,5,11,72875.4276585532,76499.54519411763
72,0,28,4,15,339.2900758278484,306.9348711882106
72,0,28,4,16,332.0932684901244,320.16108527817835
72,0,28,4,14,300.3216213227538,266.57777632826134
72,0,28,4,14,341.99460004216604,297.1047084901174
72,0,28,4,16,295.36463905042154,289.5375210540964
73,1,35,5,14,21235.330114331584,19636.71445173346
73,1,35,7,14,22309.456906644937,20539.122370467136
73,1,35,6,18,22044.744547105267,21707.174191645234
73,1,35,5,17,23591.939200993085,20804.06759090734
73,1,35,5,16,22265.830085693302,20515.738707832188
74,0,29,3,10,1438.5114736132066,1489.3167423856967
74,0,29,4,7,1563.8314810870222,1288.8973403662528
74,0,29,3,10,1715.8342943287448,1385.8591659806737
74,0,29,5,8,1519.880562238511,1494.5053556571788
74,0,29,4,10,1648.1753060630983,1428.567862830037
75,1,32,3,6,316.36290055933307,262.82411822165346
75,1,32,5,7,331.48397552606673,298.81846000076087
75,1,32,5,8,372.30380122485064,276.48764191080807
75,1,32,5,5,375.3155283779978,275.16449631491383
75,1,32,5,7,320.73080249831986,297.9661409580818
76,0,27,4,14,38073.305849687385,37051.38003632685
76,0,27,5,13,38910.151263101085,38387.39043544009
76,0,27,6,16,34570.19839840386,37245.60758478161
76,0,27,6,14,34004.076516964014,34640.87832581226
76,0,27,4,14,40998.998846752,35918.821974427214
77,1,34,2,4,930.9424851371515,844.6253133592087
77,1,34,2,7,1054.1222353254166,939.610633627225
77,1,34,4,3,1032.3342281819098,946.8795423146827
77,1,34,4,4,1019.3983157499151,819.6976878183533
77,1,34,2,7,1061.755653490664,821.6854267925122
78,0,31,4,11,126665.64848400619,113766.18712566634
78,0,31,3,14,131817.4548474102,115437.13706507889
78,0,31,4,12,129842.11869987735,105702.56238214334
78,0,31,4,12,125556.09527163336,119717.11403570807
78,0,31,4,14,135914.49156570368,116002.69454066348
79,1,33,7,15,1550.2340074037209,1246.1681497086215
79,1,33,5,15,1461.9026197451017,1269.6758584577417
79,1,33,7,14,1693.7819340398937,1351.0787412519505
79,1,33,5,15,1686.548408039072,1279.0473436580585
79,1,33,5,13,1559.8967359621001,1340.0691868483
80,0,28,2,5,1639.294142380858,1150.222349950444
80,0,28,2,7,1634.4960234580294,1197.2000777008284
80,0,28,2,9,1466.9941723305578,1190.2016600300108
80,0,28,1,7,1422.0200227981215,1173.7641740712984
80,0,28,1,7,1592.6314925532104,1129.6543331757944
81,1,30,4,16,252.37321648513554,201.70398382563837
81,1,30,5,16,240.35357359131774,195.89733260472488
81,1,30,3,13,230.99522520418725,231.9748654829965
81,1,30,5,17,244.19886204091821,200.50362706061853
81,1,30,4,14,233.1919135210527,197.74524143788088
82,0,27,5,18,1957.9012509356648,1544.2131959957885
82,0,27,5,18,1989.0800910829562,1718.7327657197375
82,0,27,6,15,2061.15801605949,1604.6353188818362
82,0,27,4,18,1916.7070455390153,1698.2058438056395
82,0,27,4,14,1984.115648777048,1627.8550832860942
83,1,35,6,16,150281.280822886,137953.6025556557
83,1,35,6,12,146773.6276250079,124928.32129757608
83,1,35,6,15,164498.44599234036,119486.80223218352
83,1,35,4,14,158720.50120602522,121777.98650765637
83,1,35,6,12,158209.73308815883,131590.61301284528
84,0,29,3,7,517.981559094641,547.5429514924865
84,0,29,4,7,607.5784507325425,562.5899052810388
84,0,29,4,9,584.9357788708865,576.3506134572838
84,0,29,2,9,517.1435603421312,510.1696386327104
84,0,29,2,6,548.9008739525478,521.9413340574821
85,1,32,2,8,178.98271083915427,148.6922824078937
85,1,32,3,5,172.24255890910914,175.74945247466013
85,1,32,1,6,171.77851922082607,173.6912468799218
85,1,32,2,7,188.69615770624014,176.81463853464683
85,1,32,2,6,196.98836435233937,163.75555695297746
86,0,27,2,10,49089.901236764694,40966.53647096734
86,0,27,1,11,41439.197826261865,41645.4176374311
86,0,27,1,12,43383.49021664424,37565.67691284819
86,0,27,2,10,43498.691367704196,41646.79151131998
86,0,27,2,9,46967.26772113548,39597.559937123566
87,1,34,2,8,317.03895427260824,274.7577475058894
87,1,34,4,6,283.5793515706261,286.0361480591905
87,1,34,3,10,328.58313294924557,288.36886500069073
87,1,34,2,7,331.53191850921365,288.2952760372186
87,1,34,3,6,286.75224182635094,263.68127880028356
88,0,31,3,6,145.8061716693121,139.64804420903482
88,0,31,1,8,139.54730364382053,126.8467157458853
88,0,31,2,6,148.258851403798,117.28726599920779
88,0,31,1,8,145.95009506023112,123.37344131913515
88,0,31,2,5,163.7500753273226,115.98105527298453
89,1,33,5,18,2467.5565225163646,2285.6084730393395
89,1,33,5,17,2594.0481842083454,2197.1551719671447
89,1,33,5,19,2353.3839988381123,2286.8482285664018
89,1,33,6,16,2273.255914420028,2259.973965452842
89,1,33,6,16,2654.8867922536215,2087.83583579825
90,0,28,4,16,6263.256455199335,5220.074177683937
90,0,28,6,18,5805.765795133661,4809.662190640133
90,0,28,4,15,6415.790618935861,5018.883449291044
90,0,28,4,15,6413.8142503151485,4746.313864851498
90,0,28,5,14,5891.251038937809,5082.533552033716
91,1,30,2,8,240.6925466903595,245.70470235485107
91,1,30,1,6,254.645541080318,238.06954783440304
91,1,30,2,8,255.30241673314072,224.03708959232472
91,1,30,3,4,240.461488756091,219.82024071379362
91,1,30,1,7,258.16373638189964,228.9622067793875
92,0,27,2,10,832.5643798545294,636.9061733177334
92,0,27,2,9,810.3838875842156,730.2593005243691
92,0,27,2,10,753.7140573757836,634.5519612057732
92,0,27,3,7,784.9782029700659,740.1479422085563
92,0,27,3,6,769.5220503701402,698.5423563698406
93,1,35,6,14,1674.1821420676752,1410.8489393429068
93,1,35,6,12,1810.7914063482842,1371.430470681996
93,1,35,6,13,1690.8438319287511,1505.336259225389
93,1,35,6,14,1933.8462706489317,1487.458052086331
93,1,35,4,12,1645.3298998609735,1510.322600125841
94,0,29,6,19,356.26245150285905,328.8162504272053
94,0,29,5,21,355.4229088355499,312.0275160942977
94,0,29,6,21,331.2632711277127,340.6586701102535
94,0,29,5,18,366.8828421218685,323.69897821584607
94,0,29,5,20,316.2759603900007,284.6753706461114
95,1,32,6,25,154004.14902422897,122100.73540328656
95,1,32,7,23,148699.90557427166,135451.28160220836
95,1,32,7,24,169178.94206118144,120199.23179688607
95,1,32,6,26,156395.66863517792,125088.16220219716
95,1,32,6,22,147306.06445297986,123240.1256371333
96,0,27,1,5,100.52738913629835,90.36654021944673
96,0,27,3,8,99.64720010407959,99.26891939683672
96,0,27,1,7,114.03270971874402,96.60131819006692
96,0,27,1,6,104.89360066566927,92.78243897546093
96,0,27,2,7,104.87481255017504,84.9250883565001
97,1,34,3,9,1996.703101445033,1539.2387379670288
97,1,34,4,7,1832.1358147302044,1552.4299013684708
97,1,34,4,8,1927.632447567102,1463.7330728725742
97,1,34,2,8,1866.4841203508886,1546.948118995713
97,1,34,3,8,1959.9314424711392,1591.1404430375553
98,0,31,7,24,949.0527372084138,906.5279801441282
98,0,31,5,23,1011.6402807454306,944.41304056202
98,0,31,6,24,1047.2486674918684,828.5962216943332
98,0,31,5,23,985.1462828780803,984.3077598492396
98,0,31,7,22,1062.322739370022,842.9921877189834
99,1,33,5,11,124.40193824083764,107.23279669140322
99,1,33,3,10,131.96267047723202,118.41609730217809
99,1,33,3,12,134.18111649890085,109.4617130163414
99,1,33,5,10,116.00305090141826,129.53460648054244
99,1,33,5,10,126.73186943209896,118.13257515446098
100,0,28,3,9,32936.1115476415,32171.76491505152
100,0,28,2,5,32134.209137103055,32876.35255942826
100,0,28,2,9,31733.683308821546,34305.83930658195
100,0,28,3,5,33642.79413071066,30282.010360295077
100,0,28,3,9,33515.565611835416,33178.78133117386
101,0,29,6,13,1449.6148516766814,1502.5787185449813
101,0,29,6,13,1442.5580332394238,1517.7250282664668
101,0,29,4,14,1690.9921280873484,1350.4965523478345
101,0,29,4,13,1494.054618241991,1362.664695653611
101,0,29,6,11,1524.063298795944,1545.3347856481982
102,1,36,5,8,178.9745524813777,155.70966532186407
102,1,36,6,10,189.02546421578052,154.45893812921236
102,1,36,5,10,187.60084722171737,153.8785207444397
102,1,36,6,10,173.49087327763726,160.58649845623788
102,1,36,6,10,175.6844328231075,145.58218811163567
103,0,43,2,11,36.306945979495545,30.04070462755833
103,0,43,3,11,37.360778924613,32.999545357721416
103,0,43,3,11,35.7450289717444,32.17458009872188
103,0,43,4,11,34.366752137324305,32.25716551902864
103,0,43,4,12,38.730768592935746,31.11943735296461
104,1,25,6,26,1073.2817548684093,948.4582964558108
104,1,25,7,25,1085.8083598790665,979.1143620170951
104,1,25,6,28,1056.1498884024213,1055.4992001751625
104,1,25,6,29,1164.1813952247182,918.6715959837916
104,1,25,7,29,1061.817189747004,901.5339362671533
105,0,32,4,8,151.99067637057433,122.19796628978487
105,0,32,3,9,154.3398860199947,123.48782633403357
105,0,32,2,7,161.65139417206146,147.03807932702372
105,0,32,2,10,152.43287474159987,144.42733904697005
105,0,32,3,10,152.36323558302453,141.0791646566494
106,1,40,2,3,100.46500967529403,86.05875297789437
106,1,40,1,5,99.34823086244603,98.88544679434277
106,1,40,1,2,103.24607731725165,100.75262988652429
106,1,40,1,4,111.01544546361336,88.45881836416889
106,1,40,3,3,112.87934606726888,85.11692707223037
107,0,30,3,5,119.76217415596734,132.60072419636444
107,0,30,2,4,142.6836516254863,121.96717889434188
107,0,30,2,2,139.09544684459644,120.14661427764813
107,0,30,1,1,125.56880241304545,126.5093875504314
107,0,30,3,3,135.65224092081235,109.16861218683695
108,1,46,2,4,1077.3697456369125,983.7742919246964
108,1,46,1,6,1138.673897636503,1009.9270238415882
108,1,46,2,6,1026.3785842348916,917.0733221084861
108,1,46,1,3,1165.3624184313192,931.4110756340197
108,1,46,1,2,1012.1048636218969,886.1391499517398
109,0,34,2,6,9690.269081147602,10044.177619193242
109,0,34,1,6,10400.071190547256,9986.265203927873
109,0,34,1,4,10020.107506980923,8961.148023763379
109,0,34,3,8,10943.762858873117,10361.334777296017
109,0,34,2,4,10369.857789716454,10462.94077438198
110,1,28,5,17,35598.838323278935,34485.25769736751
110,1,28,5,14,37364.354526268886,34684.16467938309
110,1,28,5,16,39226.63857485131,34203.65839774891
110,1,28,6,14,39678.47316648953,32734.767084279792
110,1,28,6,13,37896.18982802535,31773.20698525098
111,0,37,2,7,15059.842774446392,10926.442544580374
111,0,37,3,11,13071.91120670526,11931.978868083375
111,0,37,1,9,14885.374719809834,11707.348757105034
111,0,37,3,8,14502.938041458814,11818.663162950224
111,0,37,3,10,14758.068434775223,11734.809908365707
112,1,42,5,13,381.5545194663974,313.04359306156954
112,1,42,4,12,402.06720742460936,336.2733411944296
112,1,42,3,11,390.9080879391843,312.1886848105582
112,1,42,4,10,388.04860189005484,313.21659778138167
112,1,42,3,13,348.83482343187256,337.1606166198093
113,0,26,2,14,1584.0730632235004,1596.3199671691536
113,0,26,3,14,1584.4580317017671,1534.5546305459254
113,0,26,4,15,1505.601229324129,1587.1272538059295
113,0,26,2,12,1785.032388209038,1448.7857302849366
113,0,26,2,12,1733.6783184304293,1556.3021629455814
114,1,33,2,8,39008.11649863731,33619.311295372936
114,1,33,3,8,40138.063170767295,31640.36368205303
114,1,33,2,6,36008.332088479074,36238.27384102799
114,1,33,3,5,34172.855103378846,34390.756700751626
114,1,33,3,5,35744.5574885117,30439.258297215387
115,0,39,6,11,4478.379133913762,4369.284192240556
115,0,39,4,12,4744.6496383876265,4141.3945502422475
115,0,39,4,15,4270.892893895292,4531.236399165723
115,0,39,4,12,4530.39720033905,4045.93144959618
115,0,39,6,15,4362.910115196561,4306.680067888037
116,1,27,6,17,8660.320592045096,9202.584380131486
116,1,27,6,19,8631.321926904306,8217.055886554206
116,1,27,4,19,9961.344332576686,9208.499304874007
116,1,27,4,18,9243.439873695379,7782.937883826294
116,1,27,5,18,9663.856825474919,8248.266320463992
117,0,44,5,15,10218.850123906692,9739.061477158528
117,0,44,6,15,10420.51533233705,9437.259667553308
117,0,44,6,13,11661.947437804405,10814.093653215827
117,0,44,6,15,12018.040944412209,10100.200707431744
117,0,44,4,15,10424.67021832646,9393.306583124753
118,1,31,5,13,172.26412334032156,150.9388812177388
118,1,31,3,17,165.9850563099998,132.40291512506286
118,1,31,4,16,164.36755691856058,144.04528348595164
118,1,31,3,14,168.52875012911184,143.61231236822672
118,1,31,5,17,149.8596148940202,132.92252119165292
119,1,35,2,4,327.3775294735162,227.71730947251535
119,1,35,1,2,314.7707786135549,264.98640802831153
119,1,35,1,6,312.1844848118808,246.9469480386351
119,1,35,1,6,289.2583276095735,241.2192414493377
119,1,35,2,6,308.88209062898676,242.49835264115836
120,0,38,3,10,947.2887786244814,809.349410815872
120,0,38,4,9,925.9625125350003,785.5919802883101
120,0,38,2,8,846.9972685688516,740.8516122810628
120,0,38,2,7,794.7824430578058,823.5786120029765
120,0,38,4,10,918.6385808528591,781.5108486334362
121,0,30,2,10,79.36971254433477,80.51839704076548
121,0,30,2,11,84.74978169563653,86.45310390444646
121,0,30,3,10,88.31919129868086,79.22928031867805
121,0,30,4,11,83.2427105939609,83.10688866843135
121,0,30,3,9,77.85850410958277,80.14924879282295
122,1,45,2,8,29746.50706060457,26946.19861107246
122,1,45,4,4,28927.009029475543,22586.67127258223
122,1,45,4,4,28522.124682407077,24255.919076621474
122,1,45,4,5,24749.19549232796,22965.389085348976
122,1,45,2,8,26851.60086019132,22518.134552156815
123,0,24,7,23,91260.92729185008,81015.59195243972
123,0,24,5,19,84844.90402938437,77122.12976588606
123,0,24,5,23,88048.038831604,79075.56092721342
123,0,24,6,19,84339.1530969976,81621.32614359293
123,0,24,6,20,77675.94629967063,72175.3378830677
124,1,40,3,14,440.90085539550194,436.2561678848556
124,1,40,4,15,497.5651671258835,397.42223820914245
124,1,40,4,16,475.9582550846357,476.5083052820752
124,1,40,3,15,487.14439154545215,464.15208151952106
124,1,40,5,13,431.65124249498547,423.4810830182381
125,1,46,3,9,3066.192456194768,2748.7894661433975
125,1,46,1,6,3364.8247008306193,3007.5238352751503
125,1,46,2,10,3686.1549300064567,3336.644703029371
125,1,46,3,6,3183.057176285031,3292.410747448944
125,1,46,3,10,3348.432085580667,2771.4114080092786
126,0,28,4,16,1193.6150280334257,932.6073737800857
126,0,28,4,15,1200.126521949845,886.741419767871
126,0,28,4,18,1026.6821400698377,979.9754621481344
126,0,28,5,14,1060.966543425862,932.6899491231043
126,0,28,6,17,1144.4767658364262,928.3808696674754
127,1,41,5,13,1083.3458739095674,921.081863817991
127,1,41,4,16,1074.1226309612853,860.120677489958
127,1,41,4,15,969.0105920679055,812.2249346924264
127,1,41,6,16,1117.00226365301,869.1452044401432
127,1,41,5,12,1051.3246241859626,937.8086604764762
128,0,36,5,16,9680.248695235829,9858.88084439639
128,0,36,5,16,9593.439093550867,9922.94923149246
128,0,36,5,13,10794.077378203241,9356.16899721406
128,0,36,4,13,9381.127159864514,9080.757438178736
128,0,36,6,14,10727.51304899201,9397.724558415972
129,1,27,5,18,2024.00400560196,1806.744962407105
129,1,27,6,20,2067.598485104517,1723.7136334352938
129,1,27,6,21,2271.9010955757094,1883.4647483170172
129,1,27,5,18,2061.932160939124,1899.1635256365807
129,1,27,7,22,2374.0869412578168,2015.4600148539412
130,0,42,2,5,30098.02030124304,30965.768822743994
130,0,42,4,7,33107.92338210845,32133.056789279188
130,0,42,4,7,28602.08262653344,28628.675555040794
130,0,42,2,5,29407.841215362718,29287.927437876573
130,0,42,2,4,30225.82973772548,28865.473781491386
131,1,34,6,17,3599.867164796712,3782.7436470060143
131,1,34,7,20,3772.1775776166555,3262.551426514853
131,1,34,5,18,3558.0510414896276,3785.9406204940674
131,1,34,6,21,3613.7634679050475,3725.75190575051
131,1,34,6,19,3651.328397492661,3698.8881084835084
132,0,29,7,21,12435.764109831618,11109.926667674574
132,0,29,7,18,13355.506530631359,10780.298026796572
132,0,29,6,19,12852.398446768575,11972.538639434459
132,0,29,6,21,14168.16733399859,11121.959413577842
132,0,29,6,20,13049.732806918564,12518.991834944352
133,1,38,4,15,10510.627609108544,8254.17482196647
133,1,38,6,11,10426.003039041902,8751.011579299739
133,1,38,6,12,9442.197472809823,8450.662504771986
133,1,38,6,11,10169.723872919758,9340.161787919506
133,1,38,5,14,8869.989863938214,8470.948044901806
134,0,25,6,18,2145.350072397715,1841.4026532685914
134,0,25,5,20,2258.6655861560203,1733.5305191952395
134,0,25,6,21,2059.5301900619047,1887.120379810488
134,0,25,7,20,2074.7639781558796,1841.9750687125338
134,0,25,6,21,2095.403959538349,1885.0346235480506
135,1,30,3,12,917.9189950926173,729.9311559688026
135,1,30,5,15,808.7666597339255,824.4385593320569
135,1,30,5,14,972.9502446857392,726.4112377711956
135,1,30,4,11,802.7602293135628,715.4572790367081
135,1,30,5,15,900.1913202802327,779.9445932050373
136,0,37,2,8,395.71027123181983,357.7872267045688
136,0,37,4,9,421.39084310235694,335.2722021824769
136,0,37,2,8,373.82494417908015,354.39266864241864
136,0,37,2,5,432.8283624217938,377.0415656227124
136,0,37,3,7,393.18921155097064,380.9430241218438
137,1,43,6,15,12065.344365799167,10061.263531640318
137,1,43,6,15,11992.203188072892,10504.715509600197
137,1,43,6,12,11254.778685311241,10598.407743471182
137,1,43,4,13,13512.752962503011,11468.088049710346
137,1,43,6,13,12572.04249377043,10571.954184605645
138,0,32,2,8,14223.891529541037,13039.627155081787
138,0,32,1,6,15452.207536535923,13111.635549682529
138,0,32,1,9,16181.515344141191,13157.999705986967
138,0,32,2,8,13540.31376793776,12533.861113679928
138,0,32,2,5,15262.436720166099,14088.250060571196
139,1,27,3,2,35.97767365947614,33.978635306417345
139,1,27,1,3,38.23216636029135,36.093927102681185
139,1,27,3,3,37.68700231171846,36.97520511851955
139,1,27,3,1,35.84555476920736,38.6694757845116
139,1,27,3,2,39.28978065200535,37.66011980308322
140,0,36,3,11,655.5220623785297,635.8695576664494
140,0,36,3,7,610.2428728562403,567.6169321519723
140,0,36,3,8,645.3040483422956,604.6581521958246
140,0,36,2,11,628.933936434163,576.0759312984512
140,0,36,4,11,668.8206791443034,632.5685666093194
141,1,44,3,16,2792.05497067126,2400.8440032914473
141,1,44,3,14,3195.9601780319013,2566.575237586123
141,1,44,4,12,2982.1519474546085,2353.865108252898
141,1,44,4,16,2994.613414940308,2504.1881734690387
141,1,44,5,15,2940.884051772314,2677.1120358490316
142,0,28,6,19,2452.4620120958857,2264.587612730253
142,0,28,5,20,2425.717102682965,2361.542887446108
142,0,28,6,19,2826.0409240566205,2531.8830196071494
142,0,28,6,22,2681.5829283716234,2535.413502158613
142,0,28,6,22,2848.808027527978,2432.5256497630994
143,1,31,5,22,17773.044286733224,16979.195594132325
143,1,31,5,20,16897.32936565712,17008.692171308674
143,1,31,6,21,17076.484472135166,16443.98223942059
143,1,31,6,19,18580.553094350795,14650.78676793828
143,1,31,7,23,18275.91055019697,16581.05884752552
144,0,39,6,16,3983.86176500012,3348.2008241988774
144,0,39,4,14,4529.838147644478,3659.143635686595
144,0,39,6,15,4351.74806078513,3369.2333013171506
144,0,39,6,15,4089.1806166028036,3440.6582337358186
144,0,39,6,13,3957.912164197299,3789.0664396221064
145,1,26,6,14,1267.4900613195703,1105.719144581167
145,1,26,5,15,1096.0735177675806,1073.6515667578456
145,1,26,5,17,1151.4074112621,1046.0512075472432
145,1,26,6,17,1125.033767752418,942.6478626318274
145,1,26,5,17,1157.443089726734,984.4100562112244
146,0,33,6,19,613.5024001334031,488.5796026236481
146,0,33,5,16,588.8146226112927,501.8545661670676
146,0,33,7,18,602.2293587758003,535.9861543118818
146,0,33,6,17,615.5144254876551,538.9384801125371
146,0,33,6,18,542.8809926984435,484.1570224084919
147,1,45,6,19,1947.4705014748433,2031.9294777912194
147,1,45,5,15,1911.869032472549,1946.041279636998
147,1,45,5,15,1944.7969335202117,2033.9145615777002
147,1,45,5,18,1892.8312738123195,2072.0216845173286
147,1,45,4,16,2263.5483565320874,1822.9225976954126
148,0,30,2,5,74.15390245612878,55.627058451810065
148,0,30,2,6,65.48201173884995,60.02082605047161
148,0,30,3,6,70.91191631370643,53.76294248230982
148,0,30,1,5,67.80727705154823,53.60766242961522
148,0,30,3,6,72.20972504720265,57.90673312707804
149,1,35,3,17,41715.198088941375,38090.27571770113
149,1,35,4,16,39052.378002391786,32821.02874414986
149,1,35,3,15,36114.26111993458,33783.07826386468
149,1,35,4,16,38307.22198436415,36877.17503309322
149,1,35,3,16,35841.31794082374,35141.52963604819
150,0,40,4,7,1017.0874291478391,1033.153727775654
150,0,40,4,7,1115.8694819604195,1012.1133175727978
150,0,40,3,7,944.3256790821117,910.1100132014514
150,0,40,2,10,1076.7752036112997,959.7792957369946
150,0,40,3,8,1089.3480273141029,939.2545785590448
151,1,29,6,13,235.3666395376017,226.88223626911005
151,1,29,6,17,237.18852455201392,242.01721826342492
151,1,29,4,15,233.24894424881657,227.14589330926944
151,1,29,4,16,237.71501948006926,202.5781258092964
151,1,29,4,16,242.19334794103133,210.8738343258085
152,0,44,3,11,3766.431611180965,3631.687785907947
152,0,44,1,9,4477.455896340324,3121.687806606759
152,0,44,3,10,4009.012291962502,3493.002330388794
152,0,44,2,7,3721.6707666499537,3078.2520348008275
152,0,44,2,8,3740.7356173527296,3073.491504168595
153,1,32,6,17,4125.808889048541,3834.8895102550814
153,1,32,6,16,4483.8047161743125,3371.255481810467
153,1,32,7,17,4409.879080573067,3514.7447934380302
153,1,32,6,13,4319.594310789627,3460.1047707248226
153,1,32,5,17,4160.513952888987,3742.051129330942
154,0,27,4,6,552.1304951300979,525.8817634732306
154,0,27,2,6,544.5903640509237,577.7662528602181
154,0,27,2,9,586.8098752507881,485.14698822556335
154,0,27,4,7,530.2381461049149,554.6830778629344
154,0,27,4,6,535.3333647092898,580.7898496164893
155,1,42,6,21,138651.79572650575,115424.74582958329
155,1,42,4,19,121433.61796997904,116759.19766290332
155,1,42,5,17,138348.48765954917,100138.53184009176
155,1,42,5,19,131850.8628730103,105302.99645530013
155,1,42,6,17,131123.70309309513,110782.26417865157
156,0,34,2,15,2833.87939101122,2261.3747138623303
156,0,34,2,14,2788.3886972721316,2613.8359171282636
156,0,34,4,12,2500.2478636395913,2427.0661685825335
156,0,34,2,12,2508.785959508015,2409.10830599661
156,0,34,3,13,2474.103530870612,2645.852469288031
157,1,28,1,4,7.403149219094747,6.9346476661792815
157,1,28,3,3,6.595423378089337,6.315190033865134
157,1,28,3,2,6.660676109381705,6.088589803055994
157,1,28,2,1,6.982849155813179,7.184581542313502
157,1,28,1,1,7.404855875164426,7.290280439042189
158,0,37,5,9,1258.097655928044,1158.7195356123464
158,0,37,5,11,1073.1133117679,1070.339942248768
158,0,37,5,10,1121.1278361215172,1141.1153504721594
158,0,37,6,13,1109.660317643677,1051.2355340701893
158,0,37,5,10,1224.2813066035803,1089.7338166121804
159,1,31,5,15,407.232356508515,389.7783065217889
159,1,31,5,18,437.96161671731466,423.8767429634459
159,1,31,5,16,406.78812167911906,409.40740884237147
159,1,31,7,16,416.04966498076175,399.28679339954004
159,1,31,5,17,451.11966554317155,361.9827106856528
160,0,30,1,4,151.53313485271005,154.67980126560016
160,0,30,3,5,171.58634124477885,139.02194100428167
160,0,30,3,2,167.6247845383978,142.81486495847565
160,0,30,3,5,150.93280733901133,144.5950610195477
160,0,30,2,3,156.27557307260466,135.84059346936846
161,1,45,5,19,2433.7523576366543,2271.0437209491033
161,1,45,5,19,2233.1035576062027,1984.4536627767575
161,1,45,4,17,2470.8204300640596,2205.695498851473
161,1,45,4,16,2182.7595734681863,2154.2250472238993
161,1,45,5,16,2356.631395690364,2370.5038961649266
162,1,29,3,14,3112.773400770102,2842.1556881192546
162,1,29,3,11,3015.2190971124114,3093.295015845637
162,1,29,5,15,2939.291469194538,3182.687020673299
162,1,29,4,12,2972.23186237902,2832.1415720372183
162,1,29,4,14,3245.5834438886295,3088.00350577241
163,1,25,5,13,1354.666675615655,1224.2834314880083
163,1,25,5,16,1569.0285095188822,1185.705711582946
163,1,25,5,12,1585.7166201706148,1158.2315363937496
163,1,25,4,12,1593.632076811203,1368.6132594930366
163,1,25,4,13,1591.629288285693,1216.2572072487876
164,0,30,4,10,231.63198957324735,186.47914608285097
164,0,30,2,10,250.5386291573225,184.08604469374725
164,0,30,4,13,241.97659596930296,179.9412749344139
164,0,30,3,10,207.03792743886547,194.40154701356806
164,0,30,2,14,224.8335350490297,204.72454717566387
165,1,37,6,12,19723.160577724302,17491.243651234683
165,1,37,6,13,21846.152617075008,16952.72282416569
165,1,37,6,13,18317.13599282462,18174.72512325166
165,1,37,5,14,20192.38280045478,19110.597192965015
165,1,37,6,12,18531.513977144325,17336.27656080413
166,0,43,2,2,133.6781097514455,115.44713194539841
166,0,43,1,5,137.63423327438284,119.63606240190688
166,0,43,3,3,129.44191730445772,115.10359669657875
166,0,43,2,5,130.03221028460405,106.53738149796334
166,0,43,1,1,125.2619034851599,102.84632597886502
167,1,32,3,7,51176.92047803794,45941.068316573284
167,1,32,3,11,53017.75028808199,50582.55176746235
167,1,32,2,8,49713.62725783374,44045.302480535494
167,1,32,4,7,50746.9237986589,50340.65850329777
167,1,32,4,10,46801.6857321151,49337.31814821186
168,0,27,1,5,94.67418404125631,88.58382831541435
168,0,27,3,6,108.21463232252115,83.25560599100355
168,0,27,3,6,108.88580399657948,93.09946886599582
168,0,27,3,5,106.66989645257792,97.6370357850014
168,0,27,2,8,96.12335280615858,91.75416402046385
169,1,42,1,3,34832.06058925906,31574.90020821567
169,1,42,3,6,33124.98552655003,36252.692898304216
169,1,42,1,4,35627.938158213,31298.221761451074
169,1,42,2,3,33281.233697223724,34035.95676075936
169,1,42,1,3,39350.04586777355,35869.77255243152
170,0,34,4,14,1904.715184459608,1561.9498616067658
170,0,34,6,12,1770.0459283275425,1459.2136323727466
170,0,34,4,15,1936.6661925592532,1652.2762170053722
170,0,34,6,14,1710.6272998949373,1654.7212880866975
170,0,34,6,16,1934.8909603197883,1429.147669731835
171,1,28,3,5,214.59036014917896,200.78651516823604
171,1,28,2,5,205.76303219440442,172.69797129578447
171,1,28,3,8,215.17176358308717,210.77168945406825
171,1,28,3,4,205.9554122835239,184.83643717277698
171,1,28,3,5,226.08278224120605,176.62287675888254
172,0,37,4,10,555.4780833037204,453.9169950435662
172,0,37,4,11,536.7043594032637,533.9868150456483
172,0,37,3,11,568.7536165626962,472.4994047564526
172,0,37,3,9,557.6986230326296,524.2397557239254
172,0,37,5,9,522.9368983952572,489.6541563332986
173,1,31,4,11,19153.799136569345,16888.111212690583
173,1,31,4,12,17949.595353250577,15563.421020117756
173,1,31,4,14,18322.90530663775,17544.543009504356
173,1,31,3,13,16269.489271522372,18080.98314124124
173,1,31,4,10,17141.024135777632,18439.167730473888
174,0,30,5,23,703.1030187552244,683.9194810629738
174,0,30,7,21,759.853002419106,757.2380627569237
174,0,30,5,23,766.9266745292191,717.3318548428117
174,0,30,6,21,742.430453248996,722.9416351158728
174,0,30,7,24,701.1456020922589,645.4552432077176
175,1,45,1,2,343.62013492335075,306.15791469998794
175,1,45,3,5,333.5399422658823,289.6455416970204
175,1,45,1,1,318.4471832000375,307.2275278807906
175,1,45,2,2,318.7880125902434,272.8231320997377
175,1,45,1,3,372.6408681119789,310.45750961189464
176,0,29,2,6,248.1729346474362,205.3831864568896
176,0,29,3,7,295.6844367762164,217.01678179193303
176,0,29,1,7,285.30934667359054,216.90219026000239
176,0,29,3,7,247.85711547145098,220.09539515897154
176,0,29,1,7,290.74120851077663,212.4714722476405
177,1,38,2,7,2286.2963246803843,2283.4102938036995
177,1,38,1,9,2430.747205760388,2139.036392644688
177,1,38,3,7,2201.056966951547,2227.6402835069807
177,1,38,3,10,2625.840185143647,2340.744831909658
177,1,38,3,7,2563.486505537525,2445.913284695726
178,0,26,6,23,7039.670740985037,6356.628699433823
178,0,26,7,20,6753.574164867964,5354.080560599839
178,0,26,7,19,6788.642027250587,6314.6440942775025
178,0,26,7,23,6307.320763222214,6371.70467178051
178,0,26,6,20,7395.237384183712,5457.222442661025
179,1,43,5,15,25506.328465541636,24713.68774059814
179,1,43,7,17,25923.881488709958,26717.48306352592
179,1,43,5,18,26232.45419342909,27160.4204880654
179,1,43,5,14,26950.378260973932,24583.076560394216
179,1,43,6,16,27675.89013685652,27192.332625729883
180,0,32,1,5,7.092081066298869,7.257036098111584
180,0,32,1,4,6.4816013935103305,6.961500055773716
180,0,32,3,1,7.562349864462428,6.956127485521843
180,0,32,1,3,7.482260523264655,7.392306568074796
180,0,32,2,3,6.806962601190612,6.850193504601419
181,1,27,4,7,4272.423225752601,3952.4383704530524
181,1,27,2,8,4810.248492799858,4298.606447441288
181,1,27,2,7,5074.758404931098,3998.8537126985293
181,1,27,2,4,4939.335081362692,4486.629965292048
181,1,27,3,4,4555.2766478786225,4381.365238509741
182,0,42,6,20,3645.7447845576803,3424.3942676167453
182,0,42,7,18,3734.2128091030027,3021.5903034587536
182,0,42,6,21,3598.7877250563265,3080.968731637773
182,0,42,7,21,3483.433560822165,2932.9673331601007
182,0,42,6,19,3693.910009105532,3136.1235059095206
183,1,34,5,18,67578.10457815084,63597.51289027698
183,1,34,6,15,57485.537139458866,62265.47153155057
183,1,34,5,15,66486.81338891601,60050.94212099478
183,1,34,6,14,58846.877489961604,64244.878281005505
183,1,34,4,14,59800.67989664564,59240.13863363622
184,0,29,2,1,13382.39462781333,14168.511995330582
184,0,29,3,3,14395.56023516217,12306.437613937598
184,0,29,1,1,13658.479336068727,13557.7970239729
184,0,29,1,3,14259.522364856753,12907.635978227248
184,0,29,1,2,14713.86685634363,13810.125705864863
185,1,45,2,3,1373.0760878215094,1159.3573198836075
185,1,45,3,4,1505.2946725582888,1279.8136520082244
185,1,45,3,4,1340.0647949387844,1220.6704122934727
185,1,45,1,3,1397.6715740626807,1151.7507816479101
185,1,45,1,7,1489.4900024910885,1174.4898380674933
186,0,30,3,8,380.4466517838338,374.7827855252722
186,0,30,2,9,393.78392945245423,385.01451563697714
186,0,30,2,8,344.35376960245884,345.48552644664204
186,0,30,3,10,357.41378097732525,331.108741935973
186,0,30,3,8,369.4053862457098,366.46637180079153
187,1,37,4,12,11244.867665758939,9221.526607964624
187,1,37,4,12,11149.826628964294,9924.474810511756
187,1,37,4,12,10168.940495567627,9287.341568284584
187,1,37,3,10,11507.349954976384,9815.025246989288
187,1,37,5,13,11193.066419336601,9589.92082384657
188,0,26,5,6,190.66733469798294,188.61816480653135
188,0,26,4,9,181.39168551892013,179.67227820494622
188,0,26,5,10,196.60748770373925,166.16906147299653
188,0,26,5,7,191.81078901473393,176.29553926870094
188,0,26,4,8,185.19053261976248,183.4013342700321
189,1,31,4,10,1207.6581531397073,1078.2022849069738
189,1,31,2,8,1348.0145493871853,1186.4137498005553
189,1,31,2,8,1329.761667288288,1107.4345599989365
189,1,31,2,8,1269.4031950305905,1263.2902282128223
189,1,31,3,8,1311.995870232258,1164.0713599588244
190,0,32,1,9,51073.967861791476,54674.08582048563
190,0,32,3,10,51270.682571272315,57389.788463912955
190,0,32,3,6,60201.76893673128,51982.89403732958
190,0,32,2,9,51078.286197735586,57015.10407671934
190,0,32,1,7,54315.3079466455,58430.85359323662
191,0,42,5,10,41892.7973541924,37969.02322678985
191,0,42,4,12,42034.104611432114,39941.644585179136
191,0,42,5,9,39181.89893168887,34750.32813125448
191,0,42,4,13,45790.36371835361,36323.1233043684
191,0,42,4,10,44485.63224887633,37370.76259880675
192,1,34,5,21,77200.26979264319,65496.661086808475
192,1,34,4,22,66381.38802915273,65359.65391925851
192,1,34,4,20,74255.39244888633,67477.89543529485
192,1,34,4,18,72416.81114347387,63692.792333288126
192,1,34,6,20,67973.01674181675,61733.05079056014
193,0,29,7,22,630.3700554787097,516.2974399452072
193,0,29,5,20,714.6204562719537,560.4756184731422
193,0,29,7,22,658.9632701434974,557.9580681951849
193,0,29,7,19,635.1728391970215,610.8532940117367
193,0,29,6,19,611.8461210262086,611.476482959611
194,1,46,3,8,82360.44080056169,87414.84338596214
194,1,46,2,9,91168.08868895954,85115.80870351531
194,1,46,2,8,84767.16588694381,86133.37266971263
194,1,46,2,11,93649.61356665245,79531.8803512906
194,1,46,4,12,79228.10644248378,91888.4826324473
195,0,30,7,16,46033.54186616862,33937.66522621429
195,0,30,7,16,43918.42905448941,36644.66400542788
195,0,30,7,18,44433.1187742105,34939.22393556704
195,0,30,7,16,42885.319780277205,38757.71082569612
195,0,30,7,20,42607.17217134861,38336.99309499016
196,1,35,4,19,80183.4863178252,64475.061999963546
196,1,35,6,20,69459.7971399885,64602.45079465112
196,1,35,4,19,70676.87393410609,65802.88306521418
196,1,35,5,20,82326.46983081533,68017.51248540902
196,1,35,5,18,70101.17189715449,70680.80816091628
197,0,38,2,8,56096.766045718425,50204.53808713014
197,0,38,4,5,62788.940881775634,59486.66489160879
197,0,38,4,8,53989.52007641773,51178.41199218338
197,0,38,4,5,60660.12644042802,51303.37655240619
197,0,38,3,6,57561.69134432922,61070.58912106039
198,1,33,4,15,91516.5455921795,98090.11464980488
198,1,33,3,14,97754.33349503807,95571.72432039815
198,1,33,4,12,92419.99457349586,97075.19558083332
198,1,33,3,12,107645.67090120389,95324.12563024674
198,1,33,3,14,97700.2841761473,91158.42633675045
199,0,27,3,6,30377.56529351448,24619.100897397147
199,0,27,2,5,26058.867769472377,26266.28205928771
199,0,27,2,6,30136.0167061292,27818.873492232462
199,0,27,2,7,29080.62315475274,28392.452232344735
199,0,27,1,5,29347.90509162391,24435.219940873318
200,1,44,5,21,22313.623668512675,22178.912571040433
200,1,44,7,24,21248.02634629303,21259.64925738042
200,1,44,6,25,20556.088540477213,22587.19636561613
200,1,44,7,22,22617.96933857881,21731.79440750393
200,1,44,6,24,20633.959270171355,20744.9568715573
201,0,30,4,11,133337.25816493746,113081.71137750732
201,0,30,5,15,133829.2857191383,103167.94752242678
201,0,30,5,13,128585.6899100318,113306.9327585994
201,0,30,5,11,126375.98213254978,114145.78268245886
201,0,30,4,13,132290.51784329073,112284.04701485083
202,1,37,5,23,24927.27561217674,21009.52609292744
202,1,37,5,20,23140.528650985107,20419.35486245254
202,1,37,6,20,21149.409871630916,20511.230553618072
202,1,37,5,21,25288.25081443361,18697.89162456817
202,1,37,5,23,23777.339927100675,20148.1045266035
203,0,32,1,3,50.53317392048452,49.344140066160335
203,0,32,2,3,54.583644194374,46.047310060157635
203,0,32,1,6,53.44898504985774,42.05139505132589
203,0,32,2,6,46.22012739119802,46.99701153446421
203,0,32,1,7,55.66971501997326,47.82020484348534
204,1,46,7,18,24091.396812873358,23978.047724605898
204,1,46,6,16,27256.901364431207,24650.884471007244
204,1,46,6,16,25899.71416076386,23738.259562688832
204,1,46,6,16,26696.964750617295,21393.3714753055
204,1,46,7,15,23043.900787283117,22511.32767782803
205,0,29,3,6,16164.663746530316,13720.839673838029
205,0,29,1,4,17282.894522329192,14054.527026848442
205,0,29,3,7,14753.278241737642,14387.926788184173
205,0,29,1,4,17389.659385716925,13774.34519730748
205,0,29,2,5,16706.17901584165,12971.653114322824
206,0,35,3,6,249.53799438022767,227.65360996127274
206,0,35,4,6,242.43432366453433,211.14892206949375
206,0,35,4,10,250.89745574963854,197.67649528749536
206,0,35,3,6,231.31627415631755,194.00567612341203
206,0,35,3,10,229.13514341123604,213.61541481121395
207,1,42,5,23,21236.870534398386,21356.767946539145
207,1,42,5,22,23435.56249386652,20516.66632528026
207,1,42,6,23,24452.812718087895,19763.303159384337
207,1,42,7,20,21691.019187493614,21952.839033455075
207,1,42,6,22,24104.773997749093,18636.309302643123
208,0,28,3,7,292.6857121009313,270.6025400046338
208,0,28,2,7,313.03625452209803,244.55905361889373
208,0,28,3,5,316.33142302348807,282.03208035203494
208,0,28,1,4,305.1874608472478,270.22888612119044
208,0,28,2,3,320.8546687645687,263.36006572054896
